{
  "labels": [
    0,
    1
  ],
  "label_names": {
    "0": "Not Stressed",
    "1": "Stressed"
  },
  "dataset_path": "C:\\Users\\chand\\OneDrive\\Desktop\\ML\\stress\\Stress.csv",
  "model_path": "model\\text_stress_model.pkl",
  "vectorizer": "TfidfVectorizer",
  "classifier": "LogisticRegression",
  "train_rows": 2258,
  "test_rows": 565,
  "total_rows": 2823,
  "test_size": 0.2,
  "random_state": 42,
  "max_features": 20000,
  "min_df": 2,
  "max_df": 0.95,
  "ngram_range": [
    1,
    2
  ],
  "decision_threshold": 0.55,
  "confidence_threshold": 0.65,
  "metrics": {
    "accuracy": 0.7239,
    "precision": 0.739,
    "recall": 0.734,
    "f1_score": 0.7365,
    "classification_report": {
      "Not Stressed": {
        "precision": 0.7074074074074074,
        "recall": 0.7126865671641791,
        "f1-score": 0.7100371747211894,
        "support": 268.0
      },
      "Stressed": {
        "precision": 0.7389830508474576,
        "recall": 0.734006734006734,
        "f1-score": 0.7364864864864866,
        "support": 297.0
      },
      "accuracy": 0.7238938053097345,
      "macro avg": {
        "precision": 0.7231952291274325,
        "recall": 0.7233466505854566,
        "f1-score": 0.7232618306038381,
        "support": 565.0
      },
      "weighted avg": {
        "precision": 0.7240055774989027,
        "recall": 0.7238938053097345,
        "f1-score": 0.723940618250912,
        "support": 565.0
      }
    }
  },
  "trained_at": "2026-04-04T07:23:46.719683+00:00"
}